N,input,counter,n,median,mean,p90,max
50,cnt_win,alloc_new_calls,1000,64.0,1534.545,136,203310
50,cnt_win,alloc_new_bytes,1000,466322.0,2644257.121,899369,116586446
50,cnt_win,alloc_delete_calls,1000,64.0,1365.402,136,35125
50,cnt_win,dctx_create,1000,1.0,1.006,1,7
50,cnt_win,zstd_calls,1000,2.0,2.338,2,10
50,cnt_win,zstd_in,1000,17423.5,96005.073,34267,3864331
50,cnt_win,zstd_out,1000,15009.0,322410.952,30018,15754894
50,cnt_win,desc_batch_names_load,1000,0.0,0.037,0,1
50,cnt_win,desc_batch_details_load,1000,0.0,0.037,0,1
50,cnt_win,batch_clear,1000,0.0,0.036,0,1
50,cnt_win,desc_contigs_scanned,1000,36.0,46.114,94,419
50,cnt_win,desc_segments_copied,1000,734.5,892.016,1745,3379
50,cnt_win,dc_desc_segments,1000,734.5,892.016,1745,3379
50,cnt_win,dc_desc_scanned,1000,294.0,439.528,1044,3044
50,cnt_win,dc_seg_decoded,1000,1.0,1.061,1,3
50,cnt_win,dc_seg_revcomp,1000,1.0,0.539,1,2
50,cnt_win,lz_ref_bytes,1000,60031.0,67521.239,60623,1103817
50,cnt_win,lz_delta_bytes,1000,562.0,2599.946,1524,409172
50,cnt_win,lz_out_bytes,1000,60038.0,68427.334,68492,558288
50,cnt_win,dc_assembled_bytes,1000,60039.0,69084.054,81235,558288
50,cnt_win,dc_returned_bytes,1000,4096.0,4096,4096,4096
50,cnt_win,conv_bytes,1000,4096.0,4096,4096,4096
50,cnt_win,dc_fast_false,1000,1.0,1,1,1
50,cnt_win,dc_fast_true,1000,0.0,0,0,0
50,cnt_win,dc_calls,1000,1.0,1,1,1
50,cnt_win_sorted,alloc_new_calls,1000,63.0,278.174,122,203260
50,cnt_win_sorted,alloc_new_bytes,1000,462823.5,663627.341,776831,116692742
50,cnt_win_sorted,alloc_delete_calls,1000,63.0,142.058,122,34924
50,cnt_win_sorted,dctx_create,1000,1.0,1.006,1,7
50,cnt_win_sorted,zstd_calls,1000,2.0,2.128,2,8
50,cnt_win_sorted,zstd_in,1000,17360.0,23619.362,23639,3846704
50,cnt_win_sorted,zstd_out,1000,15009.0,33988.311,17129,15739885
50,cnt_win_sorted,desc_batch_names_load,1000,0.0,0.002,0,1
50,cnt_win_sorted,desc_batch_details_load,1000,0.0,0.002,0,1
50,cnt_win_sorted,batch_clear,1000,0.0,0.001,0,1
50,cnt_win_sorted,desc_contigs_scanned,1000,36.0,46.114,94,419
50,cnt_win_sorted,desc_segments_copied,1000,734.5,892.016,1745,3379
50,cnt_win_sorted,dc_desc_segments,1000,734.5,892.016,1745,3379
50,cnt_win_sorted,dc_desc_scanned,1000,294.0,439.528,1044,3044
50,cnt_win_sorted,dc_seg_decoded,1000,1.0,1.061,1,3
50,cnt_win_sorted,dc_seg_revcomp,1000,1.0,0.539,1,2
50,cnt_win_sorted,lz_ref_bytes,1000,60031.0,67521.239,60623,1103817
50,cnt_win_sorted,lz_delta_bytes,1000,562.0,2599.946,1524,409172
50,cnt_win_sorted,lz_out_bytes,1000,60038.0,68427.334,68492,558288
50,cnt_win_sorted,dc_assembled_bytes,1000,60039.0,69084.054,81235,558288
50,cnt_win_sorted,dc_returned_bytes,1000,4096.0,4096,4096,4096
50,cnt_win_sorted,conv_bytes,1000,4096.0,4096,4096,4096
50,cnt_win_sorted,dc_fast_false,1000,1.0,1,1,1
50,cnt_win_sorted,dc_fast_true,1000,0.0,0,0,0
50,cnt_win_sorted,dc_calls,1000,1.0,1,1,1
50,cnt_reg,alloc_new_calls,100,315.0,4488.13,442,203519
50,cnt_reg,alloc_new_bytes,100,8233852.5,13268343.02,10570444,123704314
50,cnt_reg,alloc_delete_calls,100,315.0,2796.7,442,35354
50,cnt_reg,dctx_create,100,1.0,1.06,1,7
50,cnt_reg,zstd_calls,100,36.0,42.3,39,604
50,cnt_reg,zstd_in,100,308163.5,473178.81,411792,4141481
50,cnt_reg,zstd_out,100,270179.0,933965.49,489398,16858134
50,cnt_reg,desc_batch_names_load,100,0.0,0.07,0,1
50,cnt_reg,desc_batch_details_load,100,0.0,0.07,0,1
50,cnt_reg,batch_clear,100,0.0,0.06,0,1
50,cnt_reg,desc_contigs_scanned,100,36.0,41.28,84,159
50,cnt_reg,desc_segments_copied,100,840.5,938.38,1859,2545
50,cnt_reg,dc_desc_segments,100,840.5,938.38,1859,2545
50,cnt_reg,dc_desc_scanned,100,343.0,500.15,1196,2175
50,cnt_reg,dc_seg_decoded,100,18.0,21.02,19,302
50,cnt_reg,dc_seg_revcomp,100,9.0,12.17,11,289
50,cnt_reg,lz_ref_bytes,100,1080582.0,1097756.17,1082850,2906556
50,cnt_reg,lz_delta_bytes,100,10153.0,26423.32,21599,436273
50,cnt_reg,lz_out_bytes,100,1078270.0,1059582.94,1084011,1509117
50,cnt_reg,dc_assembled_bytes,100,1079510.0,1074705.22,1084505,1514391
50,cnt_reg,dc_returned_bytes,100,1000000.0,1000000,1000000,1000000
50,cnt_reg,conv_bytes,100,1000000.0,1000000,1000000,1000000
50,cnt_reg,dc_fast_false,100,1.0,1,1,1
50,cnt_reg,dc_fast_true,100,0.0,0,0,0
50,cnt_reg,dc_calls,100,1.0,1,1,1
100,cnt_win,alloc_new_calls,1000,68065.0,39664.548,88037,232391
100,cnt_win,alloc_new_bytes,1000,108102682.0,55278367.094,109322443,118314457
100,cnt_win,alloc_delete_calls,1000,44222.5,39486.305,78111,78468
100,cnt_win,dctx_create,1000,1.0,1.006,1,7
100,cnt_win,zstd_calls,1000,8.0,5.211,8,12
100,cnt_win,zstd_in,1000,3844146.0,2006690.096,4042796,4246246
100,cnt_win,zstd_out,1000,15739885.0,7984886.935,15822999,16409252
100,cnt_win,desc_batch_names_load,1000,1.0,0.515,1,1
100,cnt_win,desc_batch_details_load,1000,1.0,0.515,1,1
100,cnt_win,batch_clear,1000,1.0,0.514,1,1
100,cnt_win,desc_contigs_scanned,1000,38.0,53.291,114,497
100,cnt_win,desc_segments_copied,1000,673.0,850.223,1779,4194
100,cnt_win,dc_desc_segments,1000,673.0,850.223,1779,4194
100,cnt_win,dc_desc_scanned,1000,256.0,418.056,1037,3630
100,cnt_win,dc_seg_decoded,1000,1.0,1.068,1,3
100,cnt_win,dc_seg_revcomp,1000,1.0,0.543,1,3
100,cnt_win,lz_ref_bytes,1000,60031.0,67611.138,99393,684376
100,cnt_win,lz_delta_bytes,1000,566.5,2068.058,1478,310521
100,cnt_win,lz_out_bytes,1000,60037.0,68016.248,98158,613377
100,cnt_win,dc_assembled_bytes,1000,60038.0,72254.302,119703,613377
100,cnt_win,dc_returned_bytes,1000,4096.0,4096,4096,4096
100,cnt_win,conv_bytes,1000,4096.0,4096,4096,4096
100,cnt_win,dc_fast_false,1000,1.0,1,1,1
100,cnt_win,dc_fast_true,1000,0.0,0,0,0
100,cnt_win,dc_calls,1000,1.0,1,1,1
100,cnt_win_sorted,alloc_new_calls,1000,67.0,381.159,146,212362
100,cnt_win_sorted,alloc_new_bytes,1000,464407.0,785996.829,830001,117155665
100,cnt_win_sorted,alloc_delete_calls,1000,67.0,236.687,146,77998
100,cnt_win_sorted,dctx_create,1000,1.0,1.006,1,7
100,cnt_win_sorted,zstd_calls,1000,2.0,2.139,2,8
100,cnt_win_sorted,zstd_in,1000,17514.0,29296.338,33600,4043601
100,cnt_win_sorted,zstd_out,1000,15009.0,51470.02,30018,15822999
100,cnt_win_sorted,desc_batch_names_load,1000,0.0,0.003,0,1
100,cnt_win_sorted,desc_batch_details_load,1000,0.0,0.003,0,1
100,cnt_win_sorted,batch_clear,1000,0.0,0.002,0,1
100,cnt_win_sorted,desc_contigs_scanned,1000,38.0,53.291,114,497
100,cnt_win_sorted,desc_segments_copied,1000,673.0,850.223,1779,4194
100,cnt_win_sorted,dc_desc_segments,1000,673.0,850.223,1779,4194
100,cnt_win_sorted,dc_desc_scanned,1000,256.0,418.056,1037,3630
100,cnt_win_sorted,dc_seg_decoded,1000,1.0,1.068,1,3
100,cnt_win_sorted,dc_seg_revcomp,1000,1.0,0.543,1,3
100,cnt_win_sorted,lz_ref_bytes,1000,60031.0,67611.138,99393,684376
100,cnt_win_sorted,lz_delta_bytes,1000,566.5,2068.058,1478,310521
100,cnt_win_sorted,lz_out_bytes,1000,60037.0,68016.248,98158,613377
100,cnt_win_sorted,dc_assembled_bytes,1000,60038.0,72254.302,119703,613377
100,cnt_win_sorted,dc_returned_bytes,1000,4096.0,4096,4096,4096
100,cnt_win_sorted,conv_bytes,1000,4096.0,4096,4096,4096
100,cnt_win_sorted,dc_fast_false,1000,1.0,1,1,1
100,cnt_win_sorted,dc_fast_true,1000,0.0,0,0,0
100,cnt_win_sorted,dc_calls,1000,1.0,1,1,1
100,cnt_reg,alloc_new_calls,100,613.0,39884.26,88270,212707
100,cnt_reg,alloc_new_bytes,100,20560073.5,62019164.32,117340661,132166905
100,cnt_reg,alloc_delete_calls,100,613.0,38101.83,78360,78521
100,cnt_reg,dctx_create,100,1.0,1.06,1,7
100,cnt_reg,zstd_calls,100,38.0,38.56,42,74
100,cnt_reg,zstd_in,100,538773.5,2246594.83,4342686,4830336
100,cnt_reg,zstd_out,100,422690.0,8050240.28,16078180,19262373
100,cnt_reg,desc_batch_names_load,100,0.0,0.49,1,1
100,cnt_reg,desc_batch_details_load,100,0.0,0.49,1,1
100,cnt_reg,batch_clear,100,0.0,0.48,1,1
100,cnt_reg,desc_contigs_scanned,100,35.0,46.17,98,243
100,cnt_reg,desc_segments_copied,100,637.0,860.29,1633,3315
100,cnt_reg,dc_desc_segments,100,637.0,860.29,1633,3315
100,cnt_reg,dc_desc_scanned,100,343.0,428.2,847,2009
100,cnt_reg,dc_seg_decoded,100,18.0,17.86,18,38
100,cnt_reg,dc_seg_revcomp,100,9.0,9.15,11,28
100,cnt_reg,lz_ref_bytes,100,1080584.0,1123129.96,1128387,3537497
100,cnt_reg,lz_delta_bytes,100,10023.0,22579.65,17719,566499
100,cnt_reg,lz_out_bytes,100,1079582.5,1081724.68,1082895,2982265
100,cnt_reg,dc_assembled_bytes,100,1079055.5,1087207.77,1082368,2982265
100,cnt_reg,dc_returned_bytes,100,1000000.0,1000000,1000000,1000000
100,cnt_reg,conv_bytes,100,1000000.0,1000000,1000000,1000000
100,cnt_reg,dc_fast_false,100,1.0,1,1,1
100,cnt_reg,dc_fast_true,100,0.0,0,0,0
100,cnt_reg,dc_calls,100,1.0,1,1,1
200,cnt_win,alloc_new_calls,1000,19212.0,35099.541,88022,241859
200,cnt_win,alloc_new_bytes,1000,104232804.0,77083606.316,109297153,118923879
200,cnt_win,alloc_delete_calls,1000,43324.5,34901.75,78010,78279
200,cnt_win,dctx_create,1000,1.0,1.006,1,7
200,cnt_win,zstd_calls,1000,8.0,6.494,8,10
200,cnt_win,zstd_in,1000,3751373.5,2774784.507,4042588,4166834
200,cnt_win,zstd_out,1000,15445218.0,11260681.033,15822999,16601465
200,cnt_win,desc_batch_names_load,1000,1.0,0.727,1,1
200,cnt_win,desc_batch_details_load,1000,1.0,0.727,1,1
200,cnt_win,batch_clear,1000,1.0,0.726,1,1
200,cnt_win,desc_contigs_scanned,1000,17.0,35.142,87,429
200,cnt_win,desc_segments_copied,1000,1453.0,1571.351,3179,4730
200,cnt_win,dc_desc_segments,1000,1453.0,1571.351,3179,4730
200,cnt_win,dc_desc_scanned,1000,525.0,783.823,1912,4104
200,cnt_win,dc_seg_decoded,1000,1.0,1.068,1,2
200,cnt_win,dc_seg_revcomp,1000,1.0,0.526,1,2
200,cnt_win,lz_ref_bytes,1000,60031.0,70674.102,120062,793475
200,cnt_win,lz_delta_bytes,1000,575.5,3939.742,1493,1454512
200,cnt_win,lz_out_bytes,1000,60038.0,79097.166,120010,1935896
200,cnt_win,dc_assembled_bytes,1000,60038.0,79574.991,119989,1935896
200,cnt_win,dc_returned_bytes,1000,4096.0,4096,4096,4096
200,cnt_win,conv_bytes,1000,4096.0,4096,4096,4096
200,cnt_win,dc_fast_false,1000,1.0,1,1,1
200,cnt_win,dc_fast_true,1000,0.0,0,0,0
200,cnt_win,dc_calls,1000,1.0,1,1,1
200,cnt_win_sorted,alloc_new_calls,1000,47.0,411.252,118,221921
200,cnt_win_sorted,alloc_new_bytes,1000,508826.5,1077214.752,871025,117628960
200,cnt_win_sorted,alloc_delete_calls,1000,47.0,257.236,118,77991
200,cnt_win_sorted,dctx_create,1000,1.0,1.006,1,7
200,cnt_win_sorted,zstd_calls,1000,2.0,2.162,2,8
200,cnt_win_sorted,zstd_in,1000,17511.5,36456.167,33856,4043644
200,cnt_win_sorted,zstd_out,1000,15009.0,83204.597,30018,15822999
200,cnt_win_sorted,desc_batch_names_load,1000,0.0,0.005,0,1
200,cnt_win_sorted,desc_batch_details_load,1000,0.0,0.005,0,1
200,cnt_win_sorted,batch_clear,1000,0.0,0.004,0,1
200,cnt_win_sorted,desc_contigs_scanned,1000,17.0,35.142,87,429
200,cnt_win_sorted,desc_segments_copied,1000,1453.0,1571.351,3179,4730
200,cnt_win_sorted,dc_desc_segments,1000,1453.0,1571.351,3179,4730
200,cnt_win_sorted,dc_desc_scanned,1000,525.0,783.823,1912,4104
200,cnt_win_sorted,dc_seg_decoded,1000,1.0,1.068,1,2
200,cnt_win_sorted,dc_seg_revcomp,1000,1.0,0.526,1,2
200,cnt_win_sorted,lz_ref_bytes,1000,60031.0,70674.102,120062,793475
200,cnt_win_sorted,lz_delta_bytes,1000,575.5,3939.742,1493,1454512
200,cnt_win_sorted,lz_out_bytes,1000,60038.0,79097.166,120010,1935896
200,cnt_win_sorted,dc_assembled_bytes,1000,60038.0,79574.991,119989,1935896
200,cnt_win_sorted,dc_returned_bytes,1000,4096.0,4096,4096,4096
200,cnt_win_sorted,conv_bytes,1000,4096.0,4096,4096,4096
200,cnt_win_sorted,dc_fast_false,1000,1.0,1,1,1
200,cnt_win_sorted,dc_fast_true,1000,0.0,0,0,0
200,cnt_win_sorted,dc_calls,1000,1.0,1,1,1
200,cnt_reg,alloc_new_calls,100,19464.0,41954.82,88267,173331
200,cnt_reg,alloc_new_bytes,100,112155750.5,98751671.99,117081096,137013633
200,cnt_reg,alloc_delete_calls,100,43842.0,40076.83,54070,78428
200,cnt_reg,dctx_create,100,1.0,1.06,1,7
200,cnt_reg,zstd_calls,100,42.0,39.91,42,46
200,cnt_reg,zstd_in,100,4041514.0,3545725.65,4335926,4386196
200,cnt_reg,zstd_out,100,15700400.5,13508365.15,16063676,16430839
200,cnt_reg,desc_batch_names_load,100,1.0,0.85,1,1
200,cnt_reg,desc_batch_details_load,100,1.0,0.85,1,1
200,cnt_reg,batch_clear,100,1.0,0.84,1,1
200,cnt_reg,desc_contigs_scanned,100,13.0,32.99,80,231
200,cnt_reg,desc_segments_copied,100,1447.0,1613.22,3045,4619
200,cnt_reg,dc_desc_segments,100,1447.0,1613.22,3045,4619
200,cnt_reg,dc_desc_scanned,100,454.5,849.12,2016,3617
200,cnt_reg,dc_seg_decoded,100,18.0,17.44,18,20
200,cnt_reg,dc_seg_revcomp,100,9.0,8.8,10,17
200,cnt_reg,lz_ref_bytes,100,1080586.0,1068109.27,1081099,1956533
200,cnt_reg,lz_delta_bytes,100,9826.5,25767.16,17155,868672
200,cnt_reg,lz_out_bytes,100,1079800.0,1072369.74,1082315,1730725
200,cnt_reg,dc_assembled_bytes,100,1079619.0,1076389.32,1082663,1730229
200,cnt_reg,dc_returned_bytes,100,1000000.0,1000000,1000000,1000000
200,cnt_reg,conv_bytes,100,1000000.0,1000000,1000000,1000000
200,cnt_reg,dc_fast_false,100,1.0,1,1,1
200,cnt_reg,dc_fast_true,100,0.0,0,0,0
200,cnt_reg,dc_calls,100,1.0,1,1,1
558,cnt_win,alloc_new_calls,1000,16946.5,25309.971,68126,184266
558,cnt_win,alloc_new_bytes,1000,105407959.5,96235227.479,108644604,125359541
558,cnt_win,alloc_delete_calls,1000,17517.0,25095.288,52095,78272
558,cnt_win,dctx_create,1000,1.0,1.006,1,7
558,cnt_win,zstd_calls,1000,8.0,7.672,8,12
558,cnt_win,zstd_in,1000,3766628.5,3451515.532,3858599,4334223
558,cnt_win,zstd_out,1000,15627928.0,14164965.656,15739903,16318231
558,cnt_win,desc_batch_names_load,1000,1.0,0.922,1,1
558,cnt_win,desc_batch_details_load,1000,1.0,0.922,1,1
558,cnt_win,batch_clear,1000,1.0,0.921,1,1
558,cnt_win,desc_contigs_scanned,1000,12.0,22.809,56,291
558,cnt_win,desc_segments_copied,1000,2145.5,2051.799,3989,4744
558,cnt_win,dc_desc_segments,1000,2145.5,2051.799,3989,4744
558,cnt_win,dc_desc_scanned,1000,823.5,1027.342,2213,4522
558,cnt_win,dc_seg_decoded,1000,1.0,1.072,1,3
558,cnt_win,dc_seg_revcomp,1000,1.0,0.558,1,3
558,cnt_win,lz_ref_bytes,1000,60031.0,71876.897,120062,954897
558,cnt_win,lz_delta_bytes,1000,560.0,9866.407,1565,3274546
558,cnt_win,lz_out_bytes,1000,60040.0,79423.556,119953,3274546
558,cnt_win,dc_assembled_bytes,1000,60040.0,80090.195,119960,3274546
558,cnt_win,dc_returned_bytes,1000,4096.0,4096,4096,4096
558,cnt_win,conv_bytes,1000,4096.0,4096,4096,4096
558,cnt_win,dc_fast_false,1000,1.0,1,1,1
558,cnt_win,dc_fast_true,1000,0.0,0,0,0
558,cnt_win,dc_calls,1000,1.0,1,1,1
558,cnt_win_sorted,alloc_new_calls,1000,42.0,532.011,88,238808
558,cnt_win_sorted,alloc_new_bytes,1000,536268.5,1916080.485,945519,118625859
558,cnt_win_sorted,alloc_delete_calls,1000,42.0,360.728,88,77996
558,cnt_win_sorted,dctx_create,1000,1.0,1.006,1,7
558,cnt_win_sorted,zstd_calls,1000,2.0,2.212,2,8
558,cnt_win_sorted,zstd_in,1000,17415.5,64069.94,34603,4041308
558,cnt_win_sorted,zstd_out,1000,15009.0,194329.648,30018,15822999
558,cnt_win_sorted,desc_batch_names_load,1000,0.0,0.012,0,1
558,cnt_win_sorted,desc_batch_details_load,1000,0.0,0.012,0,1
558,cnt_win_sorted,batch_clear,1000,0.0,0.011,0,1
558,cnt_win_sorted,desc_contigs_scanned,1000,12.0,22.809,56,291
558,cnt_win_sorted,desc_segments_copied,1000,2145.5,2051.799,3989,4744
558,cnt_win_sorted,dc_desc_segments,1000,2145.5,2051.799,3989,4744
558,cnt_win_sorted,dc_desc_scanned,1000,823.5,1027.342,2213,4522
558,cnt_win_sorted,dc_seg_decoded,1000,1.0,1.072,1,3
558,cnt_win_sorted,dc_seg_revcomp,1000,1.0,0.558,1,3
558,cnt_win_sorted,lz_ref_bytes,1000,60031.0,71876.897,120062,954897
558,cnt_win_sorted,lz_delta_bytes,1000,560.0,9866.407,1565,3274546
558,cnt_win_sorted,lz_out_bytes,1000,60040.0,79423.556,119953,3274546
558,cnt_win_sorted,dc_assembled_bytes,1000,60040.0,80090.195,119960,3274546
558,cnt_win_sorted,dc_returned_bytes,1000,4096.0,4096,4096,4096
558,cnt_win_sorted,conv_bytes,1000,4096.0,4096,4096,4096
558,cnt_win_sorted,dc_fast_false,1000,1.0,1,1,1
558,cnt_win_sorted,dc_fast_true,1000,0.0,0,0,0
558,cnt_win_sorted,dc_calls,1000,1.0,1,1,1
558,cnt_reg,alloc_new_calls,100,17172.5,22617.14,68325,188876
558,cnt_reg,alloc_new_bytes,100,112813934.5,98289838.96,115976235,122239772
558,cnt_reg,alloc_delete_calls,100,17582.5,20818.29,43931,78338
558,cnt_reg,dctx_create,100,1.0,1.06,1,7
558,cnt_reg,zstd_calls,100,42.0,40.42,42,58
558,cnt_reg,zstd_in,100,4048085.0,3532978.83,4138661,4375246
558,cnt_reg,zstd_out,100,15840723.0,13577694.85,15956059,16086303
558,cnt_reg,desc_batch_names_load,100,1.0,0.88,1,1
558,cnt_reg,desc_batch_details_load,100,1.0,0.88,1,1
558,cnt_reg,batch_clear,100,1.0,0.87,1,1
558,cnt_reg,desc_contigs_scanned,100,12.0,18.2,48,126
558,cnt_reg,desc_segments_copied,100,2229.5,2270.17,3994,4737
558,cnt_reg,dc_desc_segments,100,2229.5,2270.17,3994,4737
558,cnt_reg,dc_desc_scanned,100,937.5,1248.92,2684,4126
558,cnt_reg,dc_seg_decoded,100,18.0,17.62,18,26
558,cnt_reg,dc_seg_revcomp,100,9.0,8.86,11,17
558,cnt_reg,lz_ref_bytes,100,1080594.0,1074527.43,1113143,1490895
558,cnt_reg,lz_delta_bytes,100,9980.5,15864.17,16216,364553
558,cnt_reg,lz_out_bytes,100,1079467.5,1067484.55,1083332,1564566
558,cnt_reg,dc_assembled_bytes,100,1079679.0,1070981.29,1082774,1578760
558,cnt_reg,dc_returned_bytes,100,1000000.0,1000000,1000000,1000000
558,cnt_reg,conv_bytes,100,1000000.0,1000000,1000000,1000000
558,cnt_reg,dc_fast_false,100,1.0,1,1,1
558,cnt_reg,dc_fast_true,100,0.0,0,0,0
558,cnt_reg,dc_calls,100,1.0,1,1,1
