N,tool,dataset,kind,threads,runs,median_s,min_s,max_s,raw_s,items,bytes,req_per_s,s_per_req,peak_rss_kb,open_s,sha_ok
50,rr3,q4k,win,1,9,0.04978,0.04855,0.051884,0.049157 0.048550 0.049342 0.049568 0.049780 0.050135 0.051763 0.051884 0.050741,10000,40960000,200883.88911209322,4.978e-06,6139864,15.739,1
50,rr3,q4k,reg,1,9,0.052426,0.051611,0.053841,0.053841 0.052745 0.052426 0.052824 0.052320 0.053051 0.051611 0.051637 0.051810,100,100000000,1907.450501659482,0.00052426,6139948,15.759,1
50,rr3,q4k,s4,1,9,5.16629,5.162566,5.17184,5.162566 5.171840 5.170371 5.166290 5.169191 5.163665 5.169246 5.165393 5.164944,4,11989829249,0.7742499937092188,1.2915725,19704708,15.76,1
50,rr3,q16k,win,1,9,0.107018,0.106174,0.11119,0.106891 0.106174 0.107018 0.106937 0.106780 0.111190 0.108317 0.108430 0.107906,10000,40960000,93442.224672485,1.07018e-05,6139928,15.192,1
50,rr3,q16k,reg,1,9,0.052326,0.051525,0.055316,0.051936 0.053362 0.055316 0.051629 0.051525 0.052261 0.052326 0.053728 0.053079,100,100000000,1911.0958223445325,0.00052326,6139856,15.198,1
50,rr3,q16k,s4,1,9,5.116442,5.114465,5.118135,5.116442 5.116381 5.116460 5.117314 5.115713 5.115676 5.114465 5.118135 5.116921,4,11989829249,0.7817932852556523,1.2791105,18676640,15.19,1
50,agc,,win,1,9,11.52103,11.450138,11.558249,11.450138 11.462836 11.466292 11.487516 11.528214 11.558249 11.532351 11.521030 11.523745,10000,40960000,867.9779498881611,0.001152103,1297876,0.386,1
50,agc,,reg,1,9,0.340211,0.334977,0.340744,0.339610 0.340127 0.340515 0.340523 0.340744 0.340728 0.340211 0.335860 0.334977,100,100000000,293.935234310472,0.00340211,1354552,0.386,1
50,agc,,s4,1,9,30.59256,30.454086,31.132258,30.454086 30.475788 30.542459 30.546530 30.592560 30.677646 31.132258 31.082978 31.062035,4,11989829249,0.13075074462549063,7.64814,15941876,0.386,1
50,rr3,q4k,win,16,9,0.005966,0.005859,0.006145,0.005988 0.005966 0.006019 0.005932 0.006145 0.005859 0.005876 0.005926 0.006134,10000,40960000,1676164.9346295677,5.966e-07,6139844,15.826,1
50,rr3,q4k,reg,16,9,0.012289,0.011802,0.015732,0.012289 0.012923 0.012151 0.012237 0.011894 0.015732 0.015510 0.015451 0.011802,100,100000000,8137.358613394093,0.00012288999999999998,6140040,15.731,1
50,rr3,q4k,s4,16,9,0.936623,0.933415,0.947051,0.934468 0.936959 0.933415 0.936623 0.936092 0.938543 0.933775 0.947051 0.936676,4,11989829249,4.270661728358155,0.23415575,19705096,15.846,1
50,rr3,q16k,win,16,9,0.011586,0.011453,0.012364,0.011553 0.011756 0.011586 0.012364 0.011631 0.011453 0.011778 0.011538 0.011553,10000,40960000,863110.6507854307,1.1586e-06,6140008,15.252,1
50,rr3,q16k,reg,16,9,0.015296,0.011721,0.016669,0.011867 0.016669 0.011727 0.015524 0.015296 0.011721 0.011955 0.015432 0.015312,100,100000000,6537.65690376569,0.00015296,6139880,15.319,1
50,rr3,q16k,s4,16,9,0.928975,0.928496,0.932537,0.929500 0.928674 0.932537 0.928762 0.928496 0.928662 0.929670 0.928975 0.929169,4,11989829249,4.305820931672004,0.23224375,18677828,15.262,1
50,agc,,win,16,9,3.001841,2.927681,3.045748,2.927681 2.958049 3.034412 2.961625 2.951395 3.019740 3.045748 3.008168 3.001841,10000,40960000,3331.2890322971803,0.00030018410000000003,19967268,5.916,1
50,agc,,reg,16,9,0.101217,0.079599,0.113696,0.110323 0.099395 0.079599 0.097712 0.087392 0.105744 0.101217 0.113696 0.105470,100,100000000,987.976328087179,0.00101217,19388948,5.969,1
50,agc,,s4,16,9,11.124027,11.058881,11.238579,11.151069 11.116490 11.155104 11.058881 11.124027 11.238579 11.110499 11.084589 11.171747,4,11989829249,0.359582011082857,2.78100675,33955244,5.933,1
100,rr3,q4k,win,1,9,0.055994,0.05509,0.05646,0.055090 0.055136 0.056368 0.055994 0.056111 0.055932 0.055672 0.056356 0.056460,10000,40960000,178590.56327463657,5.5994e-06,7069132,16.882,1
100,rr3,q4k,reg,1,9,0.051935,0.051369,0.054517,0.051518 0.051369 0.051690 0.052642 0.052301 0.052060 0.051935 0.054517 0.051859,100,100000000,1925.483777799172,0.00051935,7127624,16.885,1
100,rr3,q4k,s4,1,9,5.225256,5.220967,5.228049,5.226739 5.226129 5.225256 5.225129 5.223750 5.226815 5.228049 5.220967 5.225205,4,11989829249,0.7655127327732842,1.306314,21708064,16.877,1
100,rr3,q16k,win,1,9,0.114322,0.113259,0.116626,0.114737 0.113938 0.114300 0.113865 0.114322 0.116626 0.115260 0.113259 0.116091,10000,40960000,87472.22756774725,1.1432199999999999e-05,6146024,15.76,1
100,rr3,q16k,reg,1,9,0.052043,0.050452,0.053766,0.051712 0.052043 0.051017 0.053207 0.053766 0.052950 0.050452 0.051815 0.053604,100,100000000,1921.4880003074381,0.00052043,6146004,15.745,1
100,rr3,q16k,s4,1,9,5.10978,5.108586,5.113415,5.109780 5.109756 5.109613 5.109688 5.108586 5.110251 5.110344 5.111220 5.113415,4,11989829249,0.782812567272955,1.277445,19663648,15.739,1
100,agc,,win,1,9,263.511089,262.695219,264.634074,262.695219 263.522034 263.326842 263.511089 263.204891 263.800205 263.659513 263.392541 264.634074,10000,40960000,37.94906710738082,0.026351108900000003,1638564,0.507,1
100,agc,,reg,1,9,2.322523,2.29778,2.654839,2.654839 2.632759 2.569363 2.364489 2.297780 2.316253 2.322523 2.305745 2.315074,100,100000000,43.05662419704778,0.02322523,1706748,0.507,1
100,agc,,s4,1,9,30.928565,30.869791,30.961539,30.869791 30.902254 30.910077 30.928565 30.926254 30.951461 30.957231 30.951226 30.961539,4,11989829249,0.12933028092315307,7.73214125,16276368,0.507,1
100,rr3,q4k,win,16,9,0.00654,0.006511,0.006808,0.006540 0.006808 0.006611 0.006659 0.006658 0.006534 0.006516 0.006511 0.006537,10000,40960000,1529051.9877675842,6.54e-07,7071184,17.039,1
100,rr3,q4k,reg,16,9,0.014237,0.010977,0.014346,0.014346 0.014293 0.014237 0.014214 0.010977 0.014292 0.011376 0.014297 0.014087,100,100000000,7023.951675212475,0.00014237,7129256,16.89,1
100,rr3,q4k,s4,16,9,0.933929,0.933558,0.935011,0.933899 0.933929 0.934335 0.934153 0.935011 0.934543 0.933558 0.933924 0.933700,4,11989829249,4.282980826165587,0.23348225,21708284,16.895,1
100,rr3,q16k,win,16,9,0.012296,0.012181,0.012374,0.012311 0.012374 0.012181 0.012299 0.012218 0.012296 0.012222 0.012231 0.012351,10000,40960000,813272.6089785296,1.2296e-06,6146132,15.716,1
100,rr3,q16k,reg,16,9,0.014271,0.011241,0.01455,0.014550 0.011241 0.014359 0.014271 0.014335 0.014161 0.011330 0.014416 0.011310,100,100000000,7007.217433956976,0.00014271,6145984,15.669,1
100,rr3,q16k,s4,16,9,0.929489,0.928953,0.930613,0.929489 0.929523 0.929200 0.929404 0.930613 0.929715 0.929395 0.928953 0.929926,4,11989829249,4.303439847055748,0.23237225,19665264,15.607,1
100,agc,,win,16,9,71.788952,70.190297,74.003077,70.190297 71.476002 71.753580 71.788952 71.784975 73.426251 73.236254 73.464420 74.003077,10000,40960000,139.29719993683707,0.0071788951999999994,25384756,7.554,1
100,agc,,reg,16,9,0.689271,0.615027,0.746997,0.732378 0.686206 0.617854 0.746997 0.691280 0.690709 0.689271 0.615027 0.682518,100,100000000,145.08081726925985,0.00689271,24924724,7.495,1
100,agc,,s4,16,9,11.087865,11.001691,11.225096,11.001691 11.192123 11.073040 11.115559 11.116226 11.066558 11.087865 11.225096 11.070110,4,11989829249,0.36075475305660737,2.77196625,39358804,7.545,1
200,rr3,q4k,win,1,9,0.053623,0.052709,0.062111,0.062111 0.056563 0.055869 0.055274 0.053623 0.052946 0.052709 0.053444 0.053091,10000,40960000,186487.141711579,5.3622999999999995e-06,10945536,18.845,1
200,rr3,q4k,reg,1,9,0.046142,0.045257,0.047435,0.045427 0.046426 0.046518 0.046354 0.047435 0.045257 0.045825 0.046142 0.045898,100,100000000,2167.222920549608,0.00046142000000000004,11004060,18.851,1
200,rr3,q4k,s4,1,9,5.152349,5.149693,5.158834,5.155717 5.151732 5.153250 5.152349 5.155164 5.150568 5.149693 5.150021 5.158834,4,11989829249,0.7763449253922823,1.28808725,25587448,18.882,1
200,rr3,q16k,win,1,9,0.115577,0.114282,0.117167,0.115307 0.115184 0.114282 0.117167 0.115301 0.116748 0.116864 0.116665 0.115577,10000,40960000,86522.40497676874,1.15577e-05,6891804,16.579,1
200,rr3,q16k,reg,1,9,0.043326,0.042646,0.045964,0.044918 0.043713 0.043215 0.042923 0.042697 0.042646 0.045964 0.044222 0.043326,100,100000000,2308.0829063379956,0.00043326000000000004,6953436,16.564,1
200,rr3,q16k,s4,1,9,5.069993,5.065912,5.070978,5.069590 5.070030 5.069993 5.070456 5.069713 5.070978 5.070784 5.069025 5.065912,4,11989829249,0.7889557243964637,1.26749825,21529936,16.577,1
200,agc,,win,1,9,357.432113,346.878624,358.78286,357.432113 358.654479 355.272724 357.503698 358.444680 358.782860 355.666681 346.878624 354.909041,10000,40960000,27.977340692944395,0.0357432113,2139224,0.684,1
200,agc,,reg,1,9,3.781322,3.774227,3.797825,3.780332 3.785140 3.781454 3.778914 3.797825 3.781322 3.785974 3.779019 3.774227,100,100000000,26.445777429163662,0.03781322,2213060,0.686,1
200,agc,,s4,1,9,30.036342,30.011724,30.055083,30.036120 30.011724 30.016118 30.015778 30.044612 30.042270 30.036342 30.053646 30.055083,4,11989829249,0.13317200876191915,7.5090855,16776192,0.684,1
200,rr3,q4k,win,16,9,0.006718,0.006672,0.006866,0.006690 0.006718 0.006676 0.006726 0.006866 0.006844 0.006802 0.006672 0.006718,10000,40960000,1488538.2554331645,6.718e-07,10947688,18.874,1
200,rr3,q4k,reg,16,9,0.011329,0.011152,0.012121,0.012121 0.011281 0.011393 0.011251 0.011152 0.011246 0.011329 0.011851 0.011991,100,100000000,8826.904404625297,0.00011329000000000001,11006856,18.765,1
200,rr3,q4k,s4,16,9,0.931908,0.931558,0.933149,0.931876 0.932240 0.931908 0.931680 0.931755 0.932053 0.933149 0.931558 0.932658,4,11989829249,4.292269193954768,0.232977,25587732,18.789,1
200,rr3,q16k,win,16,9,0.012081,0.011895,0.012226,0.012070 0.012226 0.012179 0.012093 0.012081 0.011895 0.012152 0.012044 0.012013,10000,40960000,827746.0475126231,1.2081e-06,6894112,16.77,1
200,rr3,q16k,reg,16,9,0.01101,0.010933,0.012323,0.010992 0.011179 0.011021 0.012139 0.010933 0.010941 0.011010 0.010981 0.012323,100,100000000,9082.652134423251,0.0001101,6955612,16.634,1
200,rr3,q16k,s4,16,9,0.928595,0.92825,0.930106,0.930018 0.928595 0.928250 0.928515 0.928402 0.930106 0.928552 0.928712 0.928832,4,11989829249,4.307582961355597,0.23214875,21530088,16.651,1
200,agc,,win,16,9,91.740693,91.24859,94.078943,94.078943 92.588315 92.221032 91.568506 91.740693 91.820165 91.248590 91.676340 91.447256,10000,40960000,109.00288272293736,0.009174069299999999,33389892,9.971,1
200,agc,,reg,16,9,1.048479,0.996351,1.098483,1.024338 1.042754 1.024017 0.996351 1.098483 1.074737 1.048479 1.061175 1.051487,100,100000000,95.37625455540837,0.010484789999999999,32974468,10.041,1
200,agc,,s4,16,9,11.174344,11.055148,11.241126,11.174344 11.055148 11.168075 11.241126 11.144212 11.194599 11.201415 11.214936 11.069729,4,11989829249,0.3579628477519575,2.793586,47343612,9.887,1
558,rr3,q4k,win,1,9,0.06886,0.066776,0.07015,0.067478 0.066776 0.070150 0.069049 0.068860 0.069211 0.069492 0.068586 0.068348,10000,40960000,145222.18995062445,6.886000000000001e-06,24932584,25.782,1
558,rr3,q4k,reg,1,9,0.04066,0.04032,0.041345,0.040456 0.041255 0.040572 0.040320 0.040546 0.041211 0.041345 0.040660 0.040918,100,100000000,2459.4195769798325,0.0004066,24999924,25.851,1
558,rr3,q4k,s4,1,9,5.204889,5.202525,5.208369,5.203875 5.204889 5.204815 5.206135 5.208369 5.202525 5.207258 5.204358 5.205183,4,11989829249,0.7685082237104385,1.30122225,39585536,25.811,1
558,rr3,q16k,win,1,9,0.135703,0.132581,0.143362,0.143362 0.138394 0.135025 0.133853 0.133282 0.132581 0.136810 0.135710 0.135703,10000,40960000,73690.33845972455,1.35703e-05,13586600,19.628,1
558,rr3,q16k,reg,1,9,0.040248,0.036768,0.040993,0.038552 0.038531 0.036768 0.037978 0.040763 0.040248 0.040804 0.040375 0.040993,100,100000000,2484.595507851322,0.00040248,13672356,19.629,1
558,rr3,q16k,s4,1,9,5.083588,5.081467,5.084876,5.081899 5.084829 5.084358 5.083994 5.082146 5.084876 5.082881 5.083588 5.081467,4,11989829249,0.7868458262156571,1.270897,28248428,19.649,1
558,agc,,win,1,9,377.79244,376.39855,378.681006,376.398550 377.188403 378.239842 377.792440 377.361116 377.868359 378.681006 377.573851 378.420661,10000,40960000,26.469560904924407,0.037779244,3841992,1.303,1
558,agc,,reg,1,9,3.78024,3.769414,3.836436,3.785021 3.836436 3.780240 3.772061 3.782957 3.771272 3.788410 3.769414 3.771885,100,100000000,26.453346877446933,0.0378024,3916168,1.304,1
558,agc,,s4,1,9,30.433546,30.397258,30.471866,30.397258 30.471866 30.433546 30.419391 30.443913 30.460768 30.419922 30.444416 30.427849,4,11989829249,0.13143391177616962,7.6083865,18474164,1.305,1
558,rr3,q4k,win,16,9,0.007652,0.007553,0.007898,0.007898 0.007640 0.007697 0.007652 0.007833 0.007553 0.007554 0.007758 0.007632,10000,40960000,1306847.8829064297,7.652e-07,24935304,25.775,1
558,rr3,q4k,reg,16,9,0.010755,0.00999,0.010874,0.010168 0.010755 0.010855 0.010732 0.010003 0.010769 0.010874 0.010851 0.009990,100,100000000,9298.000929800093,0.00010755000000000001,25002028,25.833,1
558,rr3,q4k,s4,16,9,0.930899,0.929953,0.931258,0.930858 0.931091 0.930918 0.930899 0.930726 0.930086 0.929953 0.931079 0.931258,4,11989829249,4.296921577958511,0.23272475,39585336,25.855,1
558,rr3,q16k,win,16,9,0.013932,0.013857,0.014028,0.013916 0.013872 0.013932 0.013874 0.013857 0.013948 0.013984 0.014028 0.013955,10000,40960000,717772.035601493,1.3932e-06,13589660,19.641,1
558,rr3,q16k,reg,16,9,0.010331,0.009948,0.010603,0.010380 0.010038 0.009998 0.009971 0.010431 0.010331 0.010603 0.010465 0.009948,100,100000000,9679.605072113058,0.00010331,13674056,19.667,1
558,rr3,q16k,s4,16,9,0.928621,0.92813,0.92908,0.928546 0.928130 0.928460 0.928978 0.928853 0.929080 0.929040 0.928529 0.928621,4,11989829249,4.307462355471177,0.23215525,28248740,19.584,1
558,agc,,win,16,9,102.817009,102.604372,103.22834,102.818841 102.817009 103.228340 102.934044 103.056454 102.604372 102.816884 102.771610 102.811458,10000,40960000,97.26017219582803,0.0102817009,60620500,18.842,1
558,agc,,reg,16,9,1.089756,1.052576,1.138309,1.138309 1.108090 1.085478 1.052576 1.131341 1.089756 1.099765 1.087510 1.062666,100,100000000,91.76366085619166,0.010897559999999999,60110824,19.095,1
558,agc,,s4,16,9,11.093292,10.957259,11.209933,10.957259 11.098725 11.093292 11.124973 11.067502 11.209933 11.029517 11.030325 11.141662,4,11989829249,0.36057826657767594,2.773323,74825820,19.003,1
